{
  "pools": [
    {
      "rolls": 1,
      "entries": [
        {
          "type": "minecraft:item",
          "name": "minecraft:armor_stand",
          "functions": [
            {
              "function": "minecraft:set_nbt",
              "tag": "{display:{Name:'{\"translate\":\"mywar.item.name.home_base\",\"color\":\"green\",\"italic\":false}'},CustomModelData:2,EntityTag:{NoGravity:1b,Silent:1b,Invulnerable:1b,Marker:0b,Invisible:1b,Tags:[\"mywar.entity\",\"mywar.generate\"]}}"
            }
          ]
        }
      ]
    }
  ]
}
