{
  "criteria": {
    "requirement": {
      "trigger": "minecraft:inventory_changed",
      "conditions": {
        "player": [],
        "items": [
          {
            "items": [
              "minecraft:structure_void"
            ],
            "count": {
              "min": 1,
              "max": 2147483647
            },
            "nbt": "{mywar.trade_item:1b}"
          }
        ]
      }
    }
  },
  "rewards": {
    "function": "mywar:entity/player/trade/decide"
  }
}
