{
  "parent": "item/handheld",
  "textures": {
    "layer0": "minecraft:item/carrot_on_a_stick"
  },
  "overrides": [
    {
      "predicate": {
        "custom_model_data": 1
      },
      "model": "minecraft:item/aggro"
    },
    {
      "predicate": {
        "custom_model_data": 2
      },
      "model": "minecraft:item/collect"
    },
    {
      "predicate": {
        "custom_model_data": 3
      },
      "model": "minecraft:item/detonate"
    },
    {
      "predicate": {
        "custom_model_data": 4
      },
      "model": "minecraft:item/home"
    },
    {
      "predicate": {
        "custom_model_data": 5
      },
      "model": "minecraft:item/spreading"
    },
    {
      "predicate": {
        "custom_model_data": 6
      },
      "model": "minecraft:item/taxing"
    },
    {
      "predicate": {
        "custom_model_data": 7
      },
      "model": "minecraft:item/deploy"
    },
	{
      "predicate": {
        "custom_model_data": 8
      },
      "model": "minecraft:item/wayfinder"
    }
  ]
}
