{
  "parent": "item/generated",
  "textures": {
    "layer0": "minecraft:item/structure_void"
  },
  "overrides": [
    {
      "predicate": {
        "custom_model_data": 1
      },
      "model": "minecraft:item/foot_soldier"
    },
    {
      "predicate": {
        "custom_model_data": 2
      },
      "model": "minecraft:item/archer"
    },
    {
      "predicate": {
        "custom_model_data": 3
      },
      "model": "minecraft:item/swordsmen"
    },
    {
      "predicate": {
        "custom_model_data": 4
      },
      "model": "minecraft:item/knight"
    },
    {
      "predicate": {
        "custom_model_data": 5
      },
      "model": "minecraft:item/mage"
    }
  ]
}
