{
  "providers": [
	{
      "type": "bitmap",
      "file": "minecraft:logo/logo.png",
      "ascent": 7,
      "height": 10,
      "chars": [
        "\uE001"
      ]
    },
	{
      "type": "bitmap",
      "file": "minecraft:item/coin.png",
      "ascent": 7,
      "height": 11,
      "chars": [
        "\uE002"
      ]
    },
	{
      "type": "bitmap",
      "file": "minecraft:item/home.png",
      "ascent": 7,
      "height": 11,
      "chars": [
        "\uE003"
      ]
    },
	{
      "type": "bitmap",
      "file": "minecraft:item/coin.png",
      "ascent": 7,
      "height": 11,
      "chars": [
        "\uE004"
      ]
    },
	{
      "type": "bitmap",
      "file": "minecraft:item/aggro.png",
      "ascent": 7,
      "height": 11,
      "chars": [
        "\uE005"
      ]
    },
	{
      "type": "bitmap",
      "file": "minecraft:item/collect.png",
      "ascent": 7,
      "height": 11,
      "chars": [
        "\uE006"
      ]
    },
	{
      "type": "bitmap",
      "file": "minecraft:item/home.png",
      "ascent": 7,
      "height": 11,
      "chars": [
        "\uE007"
      ]
    },
	{
      "type": "bitmap",
      "file": "minecraft:item/spreading.png",
      "ascent": 7,
      "height": 11,
      "chars": [
        "\uE008"
      ]
    },
	{
      "type": "bitmap",
      "file": "minecraft:item/taxing.png",
      "ascent": 7,
      "height": 11,
      "chars": [
        "\uE009"
      ]
    },
	{
      "type": "bitmap",
      "file": "minecraft:item/detonate.png",
      "ascent": 7,
      "height": 11,
      "chars": [
        "\uE010"
      ]
    },
	{
      "type": "bitmap",
      "file": "minecraft:item/wayfinder.png",
      "ascent": 7,
      "height": 11,
      "chars": [
        "\uE011"
      ]
    },
	{
      "type": "bitmap",
      "file": "minecraft:logo/dmthgm.png",
      "ascent": 7,
      "height": 50,
      "chars": [
        "\uE012"
      ]
    },
	{
      "type": "bitmap",
      "file": "minecraft:logo/dave_hue.jpg",
      "ascent": 7,
      "height": 50,
      "chars": [
        "\uE013"
      ]
    },
	{
      "type": "bitmap",
      "file": "minecraft:guide_book/greeting.png",
      "ascent": 32,
      "height": 146,
      "chars": [
        "\uE014"
      ]
    },
	{
      "type": "bitmap",
      "file": "minecraft:guide_book/faq.png",
      "ascent": 32,
      "height": 146,
      "chars": [
        "\uE015"
      ]
    },
	{
      "type": "bitmap",
      "file": "minecraft:guide_book/faq_page.png",
      "ascent": 32,
      "height": 146,
      "chars": [
        "\uE016"
      ]
    },
	{
      "type": "bitmap",
      "file": "minecraft:guide_book/index.png",
      "ascent": 32,
      "height": 146,
      "chars": [
        "\uE017"
      ]
    },
	{
      "type": "bitmap",
      "file": "minecraft:item/home.png",
      "ascent": 32,
      "height": 32,
      "chars": [
        "\uE018"
      ]
    },
	{
      "type": "bitmap",
      "file": "minecraft:item/sword.png",
      "ascent": 32,
      "height": 32,
      "chars": [
        "\uE020"
      ]
    },
	{
      "type": "bitmap",
      "file": "minecraft:item/foot_soldier.png",
      "ascent": 7,
      "height": 11,
      "chars": [
        "\uE019"
      ]
    },
	{
      "type": "bitmap",
      "file": "minecraft:item/archer.png",
      "ascent": 7,
      "height": 11,
      "chars": [
        "\uE021"
      ]
    },
	{
      "type": "bitmap",
      "file": "minecraft:item/swordsmen.png",
      "ascent": 7,
      "height": 11,
      "chars": [
        "\uE022"
      ]
    },
	{
      "type": "bitmap",
      "file": "minecraft:item/knight.png",
      "ascent": 7,
      "height": 11,
      "chars": [
        "\uE023"
      ]
    },
	{
      "type": "bitmap",
      "file": "minecraft:item/mage.png",
      "ascent": 7,
      "height": 11,
      "chars": [
        "\uE024"
      ]
    },
	{
      "type": "bitmap",
      "file": "minecraft:item/foot_soldier.png",
      "ascent": 32,
      "height": 32,
      "chars": [
        "\uE025"
      ]
    },
	{
      "type": "bitmap",
      "file": "minecraft:item/deploy.png",
      "ascent": 7,
      "height": 11,
      "chars": [
        "\uE026"
      ]
    },
	{
      "type": "bitmap",
      "file": "minecraft:item/compass.png",
      "ascent": 7,
      "height": 11,
      "chars": [
        "\uE027"
      ]
    },
	{
      "type": "bitmap",
      "file": "minecraft:item/detonate.png",
      "ascent": 32,
      "height": 32,
      "chars": [
        "\uE028"
      ]
    },
	{
      "type": "bitmap",
      "file": "minecraft:item/wayfinder.png",
      "ascent": 32,
      "height": 32,
      "chars": [
        "\uE029"
      ]
    },
	{
      "type": "bitmap",
      "file": "minecraft:item/compass.png",
      "ascent": 32,
      "height": 32,
      "chars": [
        "\uE030"
      ]
    },
	{
      "type": "bitmap",
      "file": "minecraft:item/sword.png",
      "ascent": 32,
      "height": 32,
      "chars": [
        "\uE031"
      ]
    },
	{
      "type": "bitmap",
      "file": "minecraft:item/compass.png",
      "ascent": 7,
      "height": 11,
      "chars": [
        "\uE032"
      ]
    },
	{
      "type": "bitmap",
      "file": "minecraft:logo/creeper_magnet.png",
      "ascent": 7,
      "height": 50,
      "chars": [
        "\uE033"
      ]
    },
	{
      "type": "bitmap",
      "file": "minecraft:logo/rag.png",
      "ascent": 7,
      "height": 50,
      "chars": [
        "\uE034"
      ]
    },
	{
      "type": "bitmap",
      "file": "minecraft:logo/makai_symphony.png",
      "ascent": 7,
      "height": 50,
      "chars": [
        "\uE035"
      ]
    },
	{
      "type": "bitmap",
      "file": "minecraft:item/detonate.png",
      "ascent": 7,
      "height": 11,
      "chars": [
        "\uE036"
      ]
    }
  ]
}
